{
  "epoch": 2,
  "comprehensive_score": 0.4521503365057388,
  "overall_metrics": {
    "mae": 0.18161171674728394,
    "mse": 0.03987465426325798,
    "rmse": 0.19968639314174652,
    "correlation": -0.15343760598554446,
    "mean_task_mae": 0.18161173164844513,
    "mean_correlation": -0.04218245745290624,
    "high_magnitude_mae": 0.22283637523651123,
    "high_magnitude_correlation": 0.017018493143234833,
    "total_loss": 0.05251565513511499
  },
  "task_metrics": {
    "task_0": {
      "mae": 0.08162816613912582,
      "rmse": 0.09807717055082321,
      "correlation": -0.06348279305884236,
      "high_prob_mae": 0.18947042524814606,
      "mean_pred": 0.1915668398141861,
      "mean_label": 0.14010438323020935,
      "std_pred": 0.026385728269815445,
      "std_label": 0.07755466550588608
    },
    "task_1": {
      "mae": 0.1417265385389328,
      "rmse": 0.14846128225326538,
      "correlation": 0.007224770642283262,
      "high_prob_mae": 0.17538972198963165,
      "mean_pred": 0.1576833873987198,
      "mean_label": 0.2982378602027893,
      "std_pred": 0.01680571585893631,
      "std_label": 0.04487382993102074
    },
    "task_2": {
      "mae": 0.205745667219162,
      "rmse": 0.20863030850887299,
      "correlation": 0.03899115532258331,
      "high_prob_mae": 0.166740283370018,
      "mean_pred": 0.22432135045528412,
      "mean_label": 0.12413786351680756,
      "std_pred": 0.018878955394029617,
      "std_label": 0.18276359140872955
    },
    "task_3": {
      "mae": 0.1852101981639862,
      "rmse": 0.19052471220493317,
      "correlation": -0.059477691587449824,
      "high_prob_mae": 0.3754144608974457,
      "mean_pred": 0.17782039940357208,
      "mean_label": 0.019618457183241844,
      "std_pred": 0.02547735720872879,
      "std_label": 0.10156237334012985
    },
    "task_4": {
      "mae": 0.08846690505743027,
      "rmse": 0.10523872822523117,
      "correlation": -0.09412793065224266,
      "high_prob_mae": 0.15417912602424622,
      "mean_pred": 0.24060621857643127,
      "mean_label": 0.17886482179164886,
      "std_pred": 0.015536445192992687,
      "std_label": 0.08234657347202301
    },
    "task_5": {
      "mae": 0.22883570194244385,
      "rmse": 0.23446708917617798,
      "correlation": -0.1301782782063499,
      "high_prob_mae": 0.2321297973394394,
      "mean_pred": 0.14971473813056946,
      "mean_label": 0.3785504400730133,
      "std_pred": 0.019379587844014168,
      "std_label": 0.04480407014489174
    },
    "task_6": {
      "mae": 0.19655083119869232,
      "rmse": 0.20763348042964935,
      "correlation": -0.10065094093594057,
      "high_prob_mae": 0.14523614943027496,
      "mean_pred": 0.2562253177165985,
      "mean_label": 0.21953876316547394,
      "std_pred": 0.028738651424646378,
      "std_label": 0.1994640976190567
    },
    "task_7": {
      "mae": 0.25168994069099426,
      "rmse": 0.2540891170501709,
      "correlation": 0.11915834502900578,
      "high_prob_mae": 0.2801555097103119,
      "mean_pred": 0.2506166696548462,
      "mean_label": 0.03923691436648369,
      "std_pred": 0.03416496887803078,
      "std_label": 0.14092572033405304
    },
    "task_8": {
      "mae": 0.07711146771907806,
      "rmse": 0.1033785343170166,
      "correlation": -0.23243429968725876,
      "high_prob_mae": 0.19577158987522125,
      "mean_pred": 0.18317808210849762,
      "mean_label": 0.2312929779291153,
      "std_pred": 0.018406251445412636,
      "std_label": 0.08545243740081787
    },
    "task_9": {
      "mae": 0.2518157958984375,
      "rmse": 0.2574827969074249,
      "correlation": -0.019759596003828307,
      "high_prob_mae": 0.2518157958984375,
      "mean_pred": 0.2411481738090515,
      "mean_label": 0.4929639399051666,
      "std_pred": 0.02791367471218109,
      "std_label": 0.04535409435629845
    },
    "task_10": {
      "mae": 0.23895052075386047,
      "rmse": 0.24640272557735443,
      "correlation": 0.037172943715016574,
      "high_prob_mae": 0.2565308213233948,
      "mean_pred": 0.16345208883285522,
      "mean_label": 0.343440443277359,
      "std_pred": 0.02411186881363392,
      "std_label": 0.1674433797597885
    },
    "task_11": {
      "mae": 0.23160898685455322,
      "rmse": 0.2357710301876068,
      "correlation": -0.008625174011851457,
      "high_prob_mae": 0.33142706751823425,
      "mean_pred": 0.2142893224954605,
      "mean_label": 0.08043938130140305,
      "std_pred": 0.014831234700977802,
      "std_label": 0.19339783489704132
    }
  }
}