{
  "epoch": 0,
  "comprehensive_score": 0.4521670371506541,
  "overall_metrics": {
    "mae": 0.18159250915050507,
    "mse": 0.039865851402282715,
    "rmse": 0.19966433942317963,
    "correlation": -0.1533481114645126,
    "mean_task_mae": 0.18159252405166626,
    "mean_correlation": -0.042250682981123326,
    "high_magnitude_mae": 0.22284942865371704,
    "high_magnitude_correlation": 0.017043945225382343,
    "total_loss": 0.05249674597548114
  },
  "task_metrics": {
    "task_0": {
      "mae": 0.08166023343801498,
      "rmse": 0.09810681641101837,
      "correlation": -0.0635296929703415,
      "high_prob_mae": 0.18943087756633759,
      "mean_pred": 0.19163377583026886,
      "mean_label": 0.14010438323020935,
      "std_pred": 0.026365460827946663,
      "std_label": 0.07755466550588608
    },
    "task_1": {
      "mae": 0.14168676733970642,
      "rmse": 0.14842337369918823,
      "correlation": 0.007232586553931137,
      "high_prob_mae": 0.17535006999969482,
      "mean_pred": 0.1577228158712387,
      "mean_label": 0.2982378602027893,
      "std_pred": 0.016800906509160995,
      "std_label": 0.04487382993102074
    },
    "task_2": {
      "mae": 0.20574136078357697,
      "rmse": 0.20862480998039246,
      "correlation": 0.03929612290625555,
      "high_prob_mae": 0.16673213243484497,
      "mean_pred": 0.22432217001914978,
      "mean_label": 0.12413786351680756,
      "std_pred": 0.01886364445090294,
      "std_label": 0.18276359140872955
    },
    "task_3": {
      "mae": 0.18538154661655426,
      "rmse": 0.1906755417585373,
      "correlation": -0.05967587828476145,
      "high_prob_mae": 0.3752500116825104,
      "mean_pred": 0.17800360918045044,
      "mean_label": 0.019618457183241844,
      "std_pred": 0.02545318752527237,
      "std_label": 0.10156237334012985
    },
    "task_4": {
      "mae": 0.08840233087539673,
      "rmse": 0.10517961531877518,
      "correlation": -0.09447826475584209,
      "high_prob_mae": 0.15428175032138824,
      "mean_pred": 0.24050143361091614,
      "mean_label": 0.17886482179164886,
      "std_pred": 0.015527769923210144,
      "std_label": 0.08234657347202301
    },
    "task_5": {
      "mae": 0.22869277000427246,
      "rmse": 0.23432424664497375,
      "correlation": -0.13011062356994194,
      "high_prob_mae": 0.23198768496513367,
      "mean_pred": 0.14985765516757965,
      "mean_label": 0.3785504400730133,
      "std_pred": 0.019350877031683922,
      "std_label": 0.04480407014489174
    },
    "task_6": {
      "mae": 0.19654129445552826,
      "rmse": 0.20763610303401947,
      "correlation": -0.10045417402978118,
      "high_prob_mae": 0.1451926827430725,
      "mean_pred": 0.2562636137008667,
      "mean_label": 0.21953876316547394,
      "std_pred": 0.028744064271450043,
      "std_label": 0.1994640976190567
    },
    "task_7": {
      "mae": 0.25154826045036316,
      "rmse": 0.25394612550735474,
      "correlation": 0.11925091692911001,
      "high_prob_mae": 0.2803279459476471,
      "mean_pred": 0.2504502534866333,
      "mean_label": 0.03923691436648369,
      "std_pred": 0.03412450850009918,
      "std_label": 0.14092572033405304
    },
    "task_8": {
      "mae": 0.07706742733716965,
      "rmse": 0.103317990899086,
      "correlation": -0.23308913819364172,
      "high_prob_mae": 0.19565212726593018,
      "mean_pred": 0.1832886040210724,
      "mean_label": 0.2312929779291153,
      "std_pred": 0.01835465058684349,
      "std_label": 0.08545243740081787
    },
    "task_9": {
      "mae": 0.25175008177757263,
      "rmse": 0.25741803646087646,
      "correlation": -0.019744753021434597,
      "high_prob_mae": 0.25175008177757263,
      "mean_pred": 0.24121390283107758,
      "mean_label": 0.4929639399051666,
      "std_pred": 0.02791007049381733,
      "std_label": 0.04535409435629845
    },
    "task_10": {
      "mae": 0.2390197366476059,
      "rmse": 0.24647961556911469,
      "correlation": 0.03673790563116948,
      "high_prob_mae": 0.2566317915916443,
      "mean_pred": 0.1633564531803131,
      "mean_label": 0.343440443277359,
      "std_pred": 0.024110542610287666,
      "std_label": 0.1674433797597885
    },
    "task_11": {
      "mae": 0.2316184788942337,
      "rmse": 0.23577837646007538,
      "correlation": -0.008443202968201531,
      "high_prob_mae": 0.33140453696250916,
      "mean_pred": 0.21430546045303345,
      "mean_label": 0.08043938130140305,
      "std_pred": 0.01483715046197176,
      "std_label": 0.19339783489704132
    }
  }
}